<?xml version="1.0" encoding="UTF-8"?>
<project-private xmlns="http://www.netbeans.org/ns/project-private/1">
    <editor-bookmarks xmlns="http://www.netbeans.org/ns/editor-bookmarks/2" lastBookmarkId="0"/>
    <open-files xmlns="http://www.netbeans.org/ns/projectui-open-files/2">
        <group>
            <file>file:/D:/ZM/Doctorat/Mon_Travail/Applications/ZM_Vul_Prediction/src/zm/vul_prediction/Pred_Model.java</file>
            <file>file:/D:/ZM/Doctorat/Mon_Travail/Applications/ZM_Vul_Prediction/src/zm/vul_prediction/Main_JFrame.java</file>
        </group>
    </open-files>
</project-private>
